,number,image,tag
0,265291,"[[[ 26  72 216]
  [ 22  70 219]
  [ 23  71 206]
  ...
  [ 32 108 206]
  [ 31 111 214]
  [ 33 113 220]]

 [[ 23  69 232]
  [  5  59 236]
  [ 18  64 239]
  ...
  [ 16 121 254]
  [ 15 121 254]
  [ 18 121 250]]

 [[ 20  58 194]
  [  9  61 210]
  [ 24  73 246]
  ...
  [ 19 122 248]
  [ 17 121 249]
  [ 13 122 251]]

 ...

 [[ 19  83 209]
  [ 14  74 207]
  [  8  58 207]
  ...
  [ 17 144 245]
  [ 24 136 234]
  [ 26 119 207]]

 [[ 17  85 211]
  [ 12  72 207]
  [  4  54 206]
  ...
  [ 24 128 232]
  [ 30 112 203]
  [  9  64 130]]

 [[ 11  78 204]
  [ 12  74 209]
  [  5  56 203]
  ...
  [ 13  93 195]
  [  3  54 131]
  [  0  23  64]]]","OceanRipple,blue,geometric,water,abstract,boats,sea,ships,ocean,nautical,spoonflowercontest,marine,largescalerepeats,sailors
"
1,409489,"[[[159 158 155]
  [252 251 249]
  [201 200 198]
  ...
  [252 248 244]
  [239 210 213]
  [193 155 159]]

 [[193 192 190]
  [182 181 179]
  [153 152 150]
  ...
  [255 244 245]
  [190 149 154]
  [242 209 210]]

 [[ 90  87  84]
  [134 131 129]
  [232 228 226]
  ...
  [238 194 195]
  [164 122 124]
  [255 236 239]]

 ...

 [[214 215 215]
  [216 216 216]
  [157 156 156]
  ...
  [248 248 243]
  [208 206 203]
  [ 81  77  74]]

 [[211 212 214]
  [216 216 216]
  [214 214 214]
  ...
  [232 231 227]
  [167 163 160]
  [ 88  83  80]]

 [[219 219 219]
  [220 220 220]
  [218 218 216]
  ...
  [107 106 102]
  [ 70  65  62]
  [ 67  59  57]]]","AndaPartridgeinaPearTree,bird,black,vintage,red,snowflake,fruit,holiday,christmas,pear,leaf,12days,sfaut15
"
2,321620,"[[[ 56  95 165]
  [116 150 216]
  [ 82 125 183]
  ...
  [147 167 205]
  [158 178 210]
  [158 176 205]]

 [[ 63 106 185]
  [ 59 103 187]
  [101 153 212]
  ...
  [193 210 236]
  [209 226 241]
  [230 246 254]]

 [[ 74 116 203]
  [ 46  91 179]
  [ 91 137 196]
  ...
  [198 218 242]
  [211 229 242]
  [192 204 218]]

 ...

 [[ 77 107 167]
  [ 87 121 176]
  [ 67 107 180]
  ...
  [160 171 182]
  [153 167 183]
  [ 97 120 152]]

 [[120 149 204]
  [ 65  97 149]
  [ 63 102 172]
  ...
  [151 164 180]
  [113 131 151]
  [ 94 114 152]]

 [[117 149 195]
  [ 97 128 180]
  [ 77 114 175]
  ...
  [118 134 149]
  [ 95 112 136]
  [ 65  88 130]]]","BrightIndigoBlueGreyhoundToiledeJouy2010byJaneWalker,dogs,greyhound,toiledejouy,indigoblue,scenictoile,sfaut15,bluegreyhound,dogtoile,foxandrabbittoile,bluetoilewallpaper
"
3,147539,"[[[ 88  89  82]
  [ 90  92  80]
  [ 89  91  77]
  ...
  [200 199 193]
  [194 189 178]
  [191 186 172]]

 [[ 87  89  79]
  [ 92  94  78]
  [ 90  93  71]
  ...
  [215 214 202]
  [193 186 166]
  [198 192 166]]

 [[ 83  84  82]
  [ 93  94  85]
  [ 90  92  78]
  ...
  [234 230 212]
  [188 179 151]
  [209 199 165]]

 ...

 [[186 138  16]
  [186 130  10]
  [184 131  18]
  ...
  [187 186 182]
  [179 178 173]
  [174 175 169]]

 [[190 140  15]
  [185 131   8]
  [186 132  17]
  ...
  [189 189 182]
  [174 173 169]
  [178 179 173]]

 [[193 138  13]
  [186 135  12]
  [185 134  15]
  ...
  [186 186 178]
  [178 177 172]
  [175 176 171]]]","Daisygarden,white,yellow,flowers,floral,summer,daisies,daisy
"
4,381545,"[[[185 187 179]
  [185 184 172]
  [189 187 177]
  ...
  [ 66  64  67]
  [ 64  62  65]
  [ 69  67  68]]

 [[195 195 183]
  [194 191 174]
  [198 194 181]
  ...
  [ 67  65  66]
  [ 65  63  64]
  [ 68  66  67]]

 [[187 186 172]
  [188 184 165]
  [192 187 171]
  ...
  [ 70  68  69]
  [ 69  67  68]
  [ 73  71  72]]

 ...

 [[161 161 151]
  [173 170 156]
  [169 165 153]
  ...
  [120 117 112]
  [ 73  70  65]
  [ 71  70  66]]

 [[162 161 152]
  [173 170 156]
  [170 166 154]
  ...
  [ 89  86  81]
  [ 67  63  61]
  [ 66  65  63]]

 [[167 163 155]
  [174 170 158]
  [173 166 156]
  ...
  [ 62  61  58]
  [ 64  63  62]
  [ 63  61  62]]]","nativenaturalorangelarge,orange,geometric,linen,tribal,hollizollinger,native,plus
"
5,405800,"[[[ 83 147 117]
  [ 51 103  74]
  [ 15  68  40]
  ...
  [ 73 113  72]
  [ 47  84  50]
  [ 38  70  44]]

 [[ 69 140 104]
  [  0  56  20]
  [ 33  97  60]
  ...
  [ 93 148  93]
  [ 61 115  65]
  [ 36  87  46]]

 [[ 21  73  42]
  [ 35  86  50]
  [ 15  74  34]
  ...
  [ 87 135  88]
  [ 92 145  95]
  [ 49 107  55]]

 ...

 [[  6  45  24]
  [ 28  63  39]
  [ 18  71  39]
  ...
  [ 26 118  58]
  [ 28 105  55]
  [  3  39  11]]

 [[ 25  67  43]
  [ 27  61  36]
  [ 22  74  41]
  ...
  [ 28 125  61]
  [ 26 118  60]
  [ 15  75  35]]

 [[ 13  55  32]
  [ 12  43  18]
  [  7  52  23]
  ...
  [ 20 121  55]
  [ 24 121  58]
  [ 27 102  54]]]","Malachite2,rock,marbled,emerald,upholstery,malachite,mineral,homedecor,a285,tropicalfoliagepickssf
"
6,163097,"[[[ 23  12   6]
  [ 10  13  17]
  [ 18  13  15]
  ...
  [ 13  13  13]
  [ 13  13  13]
  [ 14  14  14]]

 [[ 46  30  15]
  [ 15  14  16]
  [ 18  13  16]
  ...
  [ 15  15  15]
  [ 15  15  15]
  [ 14  14  14]]

 [[ 68  46  20]
  [ 20  14  12]
  [ 19  14  16]
  ...
  [ 15  15  15]
  [ 15  15  15]
  [ 14  14  14]]

 ...

 [[  9   9   9]
  [  9   9   9]
  [  9   9   9]
  ...
  [183 144 123]
  [161 118  98]
  [173 131 101]]

 [[  9   9   9]
  [  9   9   9]
  [  9   9   9]
  ...
  [172 131 104]
  [170 126 100]
  [194 149 120]]

 [[  9   9   9]
  [  9   9   9]
  [  9   9   9]
  ...
  [177 130 106]
  [190 140 116]
  [189 142 114]]]","letsroll,vintage,gears,clock,watch,steampunk,largescalerepeats
"
7,259582,"[[[216 193 179]
  [214 200 189]
  [224 211 201]
  ...
  [211 174 161]
  [164 121 110]
  [178 136 124]]

 [[216 188 168]
  [221 195 182]
  [227 204 190]
  ...
  [226 171 156]
  [163 106  92]
  [199 150 133]]

 [[192 159 137]
  [224 192 176]
  [228 196 180]
  ...
  [195 139 128]
  [159 100  91]
  [211 157 148]]

 ...

 [[123 105  92]
  [115  78  72]
  [136  92  90]
  ...
  [110  75  66]
  [ 83  56  46]
  [128 102  95]]

 [[137 117 108]
  [ 76  40  33]
  [ 79  34  32]
  ...
  [106  71  62]
  [138 108 101]
  [116  89  82]]

 [[ 99  75  71]
  [ 54  24  14]
  [ 58  20  14]
  ...
  [118  83  77]
  [110  80  72]
  [ 96  67  61]]]","VintageShabbyRose,vintage,flowers,floral,victorian,rose,spring,romantic,garden,roses,botanical,wedding,cottage,shabbychic
"
8,213552,"[[[149 134 105]
  [151 135 112]
  [146 135 108]
  ...
  [151 133 105]
  [151 133 105]
  [151 133 105]]

 [[153 133  99]
  [155 133 104]
  [150 133  98]
  ...
  [155 129 102]
  [155 129 102]
  [155 129 102]]

 [[150 133 106]
  [153 132 107]
  [151 133 104]
  ...
  [150 132 105]
  [150 133 105]
  [151 132 105]]

 ...

 [[128 114  84]
  [130 111  86]
  [129 115  85]
  ...
  [148 129  97]
  [149 129  97]
  [150 129  98]]

 [[128 114  84]
  [130 111  86]
  [129 114  84]
  ...
  [148 129  97]
  [148 129  97]
  [150 129  98]]

 [[128 114  84]
  [131 113  87]
  [130 115  85]
  ...
  [147 128  96]
  [148 129  97]
  [148 129  97]]]","NamesofJesus,vintage,dots,stripes,spiritual,jesus,christian,formal
"
9,272751,"[[[215 219 221]
  [226 227 223]
  [233 230 236]
  ...
  [ 71  76  89]
  [ 65  70  83]
  [ 68  71  86]]

 [[189 196 200]
  [153 156 156]
  [166 167 173]
  ...
  [ 75  88 107]
  [ 67  79 100]
  [ 60  71  93]]

 [[ 83  95 106]
  [ 75  85  93]
  [ 75  83  95]
  ...
  [144 163 192]
  [141 161 190]
  [134 153 183]]

 ...

 [[193 195 200]
  [ 59  65  73]
  [106 109 116]
  ...
  [201 224 139]
  [200 226 128]
  [200 225 132]]

 [[189 192 197]
  [ 68  72  81]
  [ 90  92  99]
  ...
  [195 216 143]
  [200 223 143]
  [162 183 115]]

 [[168 171 178]
  [ 67  72  83]
  [116 121 126]
  ...
  [114 135  64]
  [118 140  73]
  [ 87 102  59]]]","ShyNess,animals,whimsical,boats,sea,ships,ocean,nautical,spoonflowercontest,marine,sailors,navigation,shipping,lochnessnessiewaterdragondinosaurmonsternessiescallopwaterfishscale
"
10,255252,"[[[227 224 218]
  [223 217 206]
  [204 200 191]
  ...
  [126 128 122]
  [100 102  96]
  [ 91  94  86]]

 [[226 222 213]
  [226 218 204]
  [206 201 189]
  ...
  [132 133 123]
  [115 117 106]
  [107 110  99]]

 [[224 218 207]
  [221 213 198]
  [205 198 184]
  ...
  [ 78  76  63]
  [102 104  90]
  [ 90  97  81]]

 ...

 [[155 150 144]
  [119 113  97]
  [185 178 160]
  ...
  [107 100  90]
  [110 104  93]
  [108 104  93]]

 [[158 153 147]
  [107 100  84]
  [180 173 155]
  ...
  [110 103  93]
  [108 102  91]
  [109 105  94]]

 [[155 152 144]
  [103  97  84]
  [176 169 150]
  ...
  [111 105  93]
  [113 107  96]
  [108 104  92]]]","TurretsSyndrome,medieval,whimsical,spoonflowercontest,largescalerepeats,chivalry,middleages,timeperiod,1300,knighthood,castledragonunicornkingqueenjesterknight
"
11,342581,"[[[228 197 151]
  [247 220 174]
  [236 207 164]
  ...
  [ 13  13  13]
  [ 13  13  13]
  [ 14  14  14]]

 [[232 191 141]
  [253 211 157]
  [237 194 141]
  ...
  [ 15  15  15]
  [ 15  15  15]
  [ 15  15  15]]

 [[243 209 157]
  [231 189 129]
  [245 201 141]
  ...
  [ 15  15  15]
  [ 14  14  14]
  [ 14  14  14]]

 ...

 [[217 194 169]
  [214 195 172]
  [217 196 170]
  ...
  [ 13  13  13]
  [ 13  13  13]
  [ 13  13  13]]

 [[219 196 171]
  [215 196 172]
  [217 197 170]
  ...
  [ 13  13  13]
  [ 13  13  13]
  [ 13  13  13]]

 [[218 195 168]
  [216 197 171]
  [218 197 169]
  ...
  [ 13  13  13]
  [ 13  13  13]
  [ 13  13  13]]]","Funnyblackcatmask,cat,kitten,holiday,pattern,halloween,mask,hat,blackcat,kidsmask,cutsewpatterns,sf926hal13
"
12,443305,"[[[174 171 162]
  [223 222 214]
  [254 253 252]
  ...
  [255 255 255]
  [255 255 255]
  [255 255 255]]

 [[191 188 179]
  [255 255 245]
  [255 254 250]
  ...
  [255 255 255]
  [255 255 255]
  [255 255 255]]

 [[241 240 231]
  [253 253 244]
  [253 253 250]
  ...
  [255 255 255]
  [255 255 255]
  [255 255 255]]

 ...

 [[218 217 216]
  [218 218 218]
  [218 219 219]
  ...
  [248 248 248]
  [249 249 249]
  [250 250 250]]

 [[219 217 220]
  [220 220 222]
  [219 219 219]
  ...
  [248 248 248]
  [249 249 249]
  [249 249 249]]

 [[219 219 219]
  [221 221 221]
  [220 220 220]
  ...
  [246 246 246]
  [248 248 248]
  [248 248 248]]]","RococoandaBottleofRum,animals,skull,pirate,octopus,mermaid,rococo,whale,largescalerepeats,cartouche
"
13,335788,"[[[115 179  95]
  [121 179 104]
  [117 178  98]
  ...
  [255 255 255]
  [255 255 255]
  [255 255 255]]

 [[111 180  87]
  [109 180  86]
  [108 184  81]
  ...
  [255 255 255]
  [255 255 255]
  [255 255 255]]

 [[112 180  91]
  [109 182  87]
  [105 186  79]
  ...
  [255 255 255]
  [255 255 255]
  [255 255 255]]

 ...

 [[125 166 112]
  [ 91 155  69]
  [ 92 155  71]
  ...
  [248 248 248]
  [249 249 249]
  [250 250 250]]

 [[126 167 113]
  [ 91 155  68]
  [ 92 155  71]
  ...
  [248 248 248]
  [249 249 249]
  [249 249 249]]

 [[131 172 120]
  [ 92 158  70]
  [ 93 156  72]
  ...
  [246 246 246]
  [248 248 248]
  [248 248 248]]]","Howdoesmygardengrow?,flowers,floral,nature,rain,borderprint,border,fatquarter,spoonflowercontest,largescalerepeats,yard
"
14,337881,"[[[23 25 55]
  [19 28 49]
  [19 26 48]
  ...
  [21 27 50]
  [21 27 50]
  [21 27 50]]

 [[16 22 57]
  [10 25 50]
  [15 25 55]
  ...
  [17 26 56]
  [17 26 56]
  [17 26 57]]

 [[15 25 51]
  [16 34 51]
  [14 28 51]
  ...
  [16 29 52]
  [15 29 52]
  [15 29 52]]

 ...

 [[15 21 46]
  [10 22 40]
  [11 22 43]
  ...
  [18 28 53]
  [16 27 52]
  [13 25 49]]

 [[15 21 46]
  [10 22 41]
  [11 22 43]
  ...
  [15 25 50]
  [16 26 50]
  [17 29 51]]

 [[15 21 46]
  [10 22 40]
  [11 22 43]
  ...
  [15 27 51]
  [15 27 51]
  [15 27 51]]]","TheFirebirdARussianFolkTale,animals,whimsical,borderprint,border,apple,fairytale,spoonflowercontest,russian,wolf,prince,firebird,folktale,sfaut15
"
15,84710,"[[[228 224 171]
  [243 234 210]
  [252 249 229]
  ...
  [ 74 163 151]
  [ 74 163 152]
  [ 77 162 156]]

 [[255 245 196]
  [236 220 203]
  [255 252 239]
  ...
  [ 59 168 157]
  [ 60 167 158]
  [ 62 165 161]]

 [[254 248 219]
  [237 226 215]
  [255 253 240]
  ...
  [ 61 168 156]
  [ 61 168 154]
  [ 60 169 151]]

 ...

 [[178 178 131]
  [169 185 122]
  [169 185 123]
  ...
  [242 241 253]
  [239 239 244]
  [243 245 244]]

 [[173 182 132]
  [167 188 123]
  [168 189 122]
  ...
  [188 186 205]
  [188 187 201]
  [246 245 250]]

 [[172 185 129]
  [169 188 125]
  [169 188 124]
  ...
  [151 150 180]
  [162 163 185]
  [240 241 248]]]","tipsydoodles,nature,dots,stripes
"
16,377579,"[[[186 184 160]
  [189 182 159]
  [184 178 157]
  ...
  [135 130 116]
  [136 130 116]
  [136 130 115]]

 [[197 192 164]
  [186 175 148]
  [185 175 147]
  ...
  [139 131 108]
  [139 132 106]
  [138 131 105]]

 [[193 185 167]
  [193 177 158]
  [187 172 153]
  ...
  [141 130 109]
  [142 130 107]
  [141 129 106]]

 ...

 [[ 60  53  47]
  [109  98  86]
  [119 111  96]
  ...
  [136 128 105]
  [135 127 104]
  [134 128 104]]

 [[ 61  54  48]
  [110  99  87]
  [118 110  95]
  ...
  [135 127 104]
  [135 127 105]
  [134 128 104]]

 [[ 61  53  48]
  [108  95  86]
  [118 110  94]
  ...
  [134 126 103]
  [136 128 104]
  [134 126 105]]]","Incognitoisneato,leaves,nature,deer,forest,woodland,trees,quilting,neutral,creatures,natural,woods,largescalerepeats,antlers
"
17,374593,"[[[ 97 146 125]
  [ 95 138 119]
  [ 95 137 117]
  ...
  [ 56 121  82]
  [ 55 122  83]
  [ 70 135  99]]

 [[106 150 130]
  [121 164 144]
  [151 196 175]
  ...
  [ 49 127  79]
  [ 51 130  82]
  [ 78 151 105]]

 [[113 150 135]
  [173 206 192]
  [184 219 204]
  ...
  [ 53 123  82]
  [ 69 143 102]
  [ 83 156 117]]

 ...

 [[216 216 214]
  [217 218 218]
  [213 214 216]
  ...
  [105 151 130]
  [ 86 147 114]
  [ 64 133  94]]

 [[219 218 216]
  [218 219 218]
  [217 218 220]
  ...
  [155 195 178]
  [ 88 146 115]
  [ 47 118  78]]

 [[217 217 217]
  [221 221 221]
  [219 219 219]
  ...
  [180 213 198]
  [ 91 149 120]
  [ 49 120  80]]]","applepiecutie,doll,clothes,cutsewpatterns
"
18,155377,"[[[216 213 203]
  [174 167 159]
  [154 151 146]
  ...
  [218 209 197]
  [216 204 195]
  [185 177 170]]

 [[222 217 203]
  [179 171 160]
  [140 137 129]
  ...
  [231 217 201]
  [225 210 195]
  [189 177 165]]

 [[221 216 198]
  [183 175 161]
  [160 155 145]
  ...
  [239 222 206]
  [230 214 198]
  [200 187 171]]

 ...

 [[182 176 166]
  [184 172 159]
  [201 191 178]
  ...
  [232 220 206]
  [231 219 204]
  [230 218 202]]

 [[188 181 171]
  [196 185 169]
  [207 198 183]
  ...
  [233 221 205]
  [230 218 202]
  [226 214 198]]

 [[188 181 170]
  [197 185 169]
  [200 191 176]
  ...
  [233 221 207]
  [231 219 204]
  [223 211 195]]]","KandihorseStampede,brown,animals,tan,bhymer,kandihorse,painthorses,sfaut15
"
19,103974,"[[[250 235 189]
  [251 234 197]
  [245 238 196]
  ...
  [104 147  90]
  [104 148  90]
  [105 147  91]]

 [[255 232 187]
  [255 233 190]
  [253 235 187]
  ...
  [103 149  84]
  [103 149  84]
  [103 149  84]]

 [[253 234 189]
  [255 234 189]
  [254 236 185]
  ...
  [104 149  83]
  [104 149  83]
  [104 149  82]]

 ...

 [[214 199 157]
  [218 198 158]
  [215 202 157]
  ...
  [248 229 180]
  [248 228 181]
  [246 226 179]]

 [[214 199 157]
  [218 198 158]
  [215 202 157]
  ...
  [248 226 179]
  [248 228 180]
  [245 229 180]]

 [[215 200 158]
  [220 200 160]
  [216 203 158]
  ...
  [247 226 179]
  [247 227 181]
  [245 227 179]]]","hedgiedollkit,animals,hedgie,doll,dollpanel,hedgehogdollpattern,plushie,kit,cutsewpatterns
"
20,223641,"[[[ 59  72 147]
  [ 66  73 136]
  [ 65  72 138]
  ...
  [182  90 188]
  [180  90 186]
  [179  91 183]]

 [[ 59  76 164]
  [ 57  69 153]
  [ 59  72 160]
  ...
  [190  84 195]
  [189  84 195]
  [188  85 194]]

 [[ 59  74 158]
  [ 59  69 155]
  [ 59  71 164]
  ...
  [192  83 195]
  [192  84 196]
  [190  84 197]]

 ...

 [[112 122 201]
  [ 77 123 193]
  [ 76 124 200]
  ...
  [105 136 216]
  [178 158 244]
  [208 158 245]]

 [[113 123 204]
  [ 76 123 194]
  [ 76 123 201]
  ...
  [104 136 217]
  [174 154 241]
  [210 157 245]]

 [[117 123 205]
  [ 78 124 196]
  [ 75 125 202]
  ...
  [ 92 129 211]
  [154 138 226]
  [197 140 233]]]","ohyikes,ukes,geometric,dots,abstract,stripes,music,spoonflowercontest,instrument,musicalinstrument,sounds
"
21,429642,"[[[243 228  99]
  [239 231  91]
  [236 226  85]
  ...
  [254 251 250]
  [254 250 253]
  [250 252 255]]

 [[247 229  71]
  [244 225  64]
  [244 218  62]
  ...
  [248 253 250]
  [244 255 255]
  [236 255 254]]

 [[236 228  78]
  [242 222  85]
  [249 221  83]
  ...
  [218 246 239]
  [182 230 223]
  [168 217 212]]

 ...

 [[180 198 188]
  [210 204 190]
  [211 207 188]
  ...
  [246 246 246]
  [247 245 248]
  [249 248 246]]

 [[186 207 205]
  [220 219 208]
  [218 219 207]
  ...
  [246 248 241]
  [247 245 246]
  [250 248 249]]

 [[181 200 211]
  [221 219 213]
  [221 218 215]
  ...
  [236 242 222]
  [246 246 240]
  [248 249 246]]]","Hi,ho,amerryo:abuntingwewillgocheckfullyardviewforextras,birds,spring,flag,celebration,flags,largescalerepeats,bunting,pennants,kit,cutsewpatterns
"
22,368005,"[[[86 89 84]
  [73 79 69]
  [69 75 64]
  ...
  [29 26 33]
  [28 25 33]
  [27 26 31]]

 [[74 79 72]
  [66 74 59]
  [70 76 63]
  ...
  [29 28 36]
  [27 26 33]
  [26 23 30]]

 [[69 76 64]
  [72 82 63]
  [80 88 72]
  ...
  [37 36 41]
  [31 30 35]
  [29 25 31]]

 ...

 [[65 71 67]
  [61 70 62]
  [59 68 59]
  ...
  [43 38 44]
  [82 72 73]
  [75 66 62]]

 [[67 73 67]
  [61 71 63]
  [60 69 60]
  ...
  [30 25 31]
  [69 60 62]
  [75 65 63]]

 [[61 68 60]
  [61 71 61]
  [64 69 63]
  ...
  [26 24 28]
  [47 42 41]
  [83 75 72]]]","Gloriousgarden,flowers,leaves,nature,photographic,morningglory,scanned,strawberrytree,scanner
"
23,405801,"[[[154 181 176]
  [157 177 179]
  [154 177 180]
  ...
  [152 181 179]
  [172 194 193]
  [173 189 190]]

 [[150 185 181]
  [148 177 180]
  [150 183 186]
  ...
  [144 182 181]
  [161 192 194]
  [165 189 191]]

 [[151 183 180]
  [152 180 184]
  [150 182 187]
  ...
  [150 180 185]
  [161 187 191]
  [169 191 196]]

 ...

 [[133 151 154]
  [124 154 159]
  [127 153 156]
  ...
  [197 217 219]
  [189 208 209]
  [151 172 175]]

 [[132 151 155]
  [125 154 159]
  [126 153 155]
  ...
  [183 206 207]
  [186 205 206]
  [154 175 178]]

 [[129 153 155]
  [127 155 159]
  [127 157 158]
  ...
  [169 192 194]
  [186 204 206]
  [158 179 180]]]","EntangledGeometricLinesSageBlue,blue,retro,modern,geometric,dots,abstract,mint,stripes,sage,lines,traditional,geo,minimalist
"
24,405770,"[[[ 78 126  81]
  [ 66 102  60]
  [ 49  83  52]
  ...
  [ 17  67  34]
  [ 19  70  37]
  [ 31  84  52]]

 [[ 17  74  24]
  [ 60 107  58]
  [ 36  79  41]
  ...
  [ 24  91  42]
  [ 23  92  42]
  [ 12  86  36]]

 [[ 17  69  27]
  [ 12  54  15]
  [ 49  86  58]
  ...
  [ 15  88  36]
  [ 16  95  41]
  [ 20 106  46]]

 ...

 [[ 17  77  42]
  [ 36  79  45]
  [ 29  80  42]
  ...
  [ 52 124  59]
  [ 19  79  33]
  [ 11  55  24]]

 [[ 47 113  74]
  [ 16  63  25]
  [ 26  81  42]
  ...
  [ 32  98  40]
  [ 11  64  25]
  [ 22  66  33]]

 [[ 34 107  62]
  [ 11  57  19]
  [ 42  99  63]
  ...
  [ 13  72  22]
  [ 12  56  23]
  [ 29  75  39]]]","Malachite,nature,homedecor,natural,marbled,crystal,gem,stone,upholstery,malachite,geode,mineral,geodeandgemstone
"
25,238117,"[[[139 183 194]
  [167 184 208]
  [214 177 218]
  ...
  [218 220 218]
  [232 236 234]
  [235 236 234]]

 [[124 190 199]
  [157 186 213]
  [220 171 225]
  ...
  [218 222 216]
  [243 247 241]
  [243 244 239]]

 [[116 199 196]
  [140 188 202]
  [211 176 219]
  ...
  [227 225 219]
  [232 232 225]
  [222 225 216]]

 ...

 [[186 189 182]
  [185 188 179]
  [187 189 183]
  ...
  [145 192 241]
  [164 180 246]
  [164 129 224]]

 [[185 188 179]
  [187 190 180]
  [189 192 185]
  ...
  [142 194 240]
  [156 184 244]
  [161 134 223]]

 [[185 191 181]
  [183 189 178]
  [189 192 185]
  ...
  [141 195 239]
  [156 187 244]
  [164 138 225]]]","animalkingdomfingerpuppets,bird,dolls,cat,play,pattern,whimsical,mouse,kid,toy,fatquarter,spoonflowercontest,plushie,puppets
"
26,348857,"[[[230 244 156]
  [211 236 146]
  [188 216 138]
  ...
  [254 253 255]
  [254 254 252]
  [255 255 253]]

 [[220 244 143]
  [211 250 139]
  [182 227 135]
  ...
  [255 254 255]
  [255 255 251]
  [255 255 253]]

 [[192 231 127]
  [190 235 124]
  [178 232 132]
  ...
  [255 254 255]
  [254 255 251]
  [255 255 253]]

 ...

 [[148 191 112]
  [150 191 117]
  [150 194 111]
  ...
  [163 224 243]
  [163 226 244]
  [161 228 243]]

 [[148 190 111]
  [150 191 116]
  [150 192 108]
  ...
  [163 224 243]
  [162 225 242]
  [160 228 241]]

 [[149 192 108]
  [149 195 111]
  [150 194 105]
  ...
  [162 223 242]
  [163 224 242]
  [161 225 242]]]","OnaSunnyAfternoon,bird,nature,clouds,baby,whimsical,whimsy,sweet,nursery,kawaii,wings,angels,balloons,flying
"
27,362385,"[[[255 255 255]
  [255 255 255]
  [255 255 255]
  ...
  [249 249 249]
  [103 103 103]
  [230 230 230]]

 [[255 255 255]
  [255 255 255]
  [255 255 255]
  ...
  [251 251 251]
  [ 85  85  85]
  [246 246 246]]

 [[255 255 255]
  [254 254 254]
  [255 255 255]
  ...
  [253 253 253]
  [ 68  68  68]
  [248 248 248]]

 ...

 [[216 216 216]
  [218 218 218]
  [218 218 218]
  ...
  [ 12  12  12]
  [ 13  13  13]
  [ 13  13  13]]

 [[221 221 221]
  [215 215 215]
  [221 221 221]
  ...
  [ 14  14  14]
  [ 11  11  11]
  [ 12  12  12]]

 [[218 218 218]
  [220 220 220]
  [221 221 221]
  ...
  [ 14  14  14]
  [ 14  14  14]
  [ 15  15  15]]]","BlackCatsinDaisies,black,white,flowers,nature,animals,whimsical,daisies,cats
"
28,339828,"[[[120 132  97]
  [115 128  99]
  [115 129 101]
  ...
  [ 73  77  54]
  [ 47  51  35]
  [ 54  53  41]]

 [[115 127  85]
  [ 99 114  79]
  [100 118  83]
  ...
  [103 103  74]
  [ 61  62  37]
  [ 53  45  26]]

 [[110 112  83]
  [101 108  84]
  [ 98 110  83]
  ...
  [145 144 120]
  [ 69  67  44]
  [ 79  68  41]]

 ...

 [[216 198 124]
  [215 200 128]
  [218 199 126]
  ...
  [244 226 148]
  [223 212 144]
  [ 96  93  51]]

 [[216 199 125]
  [216 200 128]
  [218 199 127]
  ...
  [243 225 147]
  [213 203 137]
  [104  99  57]]

 [[216 199 126]
  [217 201 130]
  [218 199 127]
  ...
  [242 225 146]
  [222 211 149]
  [ 99  91  46]]]","vintagecircusclownsoncreambackground,vintage,yellow,circus,fun,silly,clowns
"
29,282256,"[[[168 185 179]
  [196 213 205]
  [217 231 222]
  ...
  [236 231 213]
  [246 241 230]
  [255 253 250]]

 [[210 236 225]
  [211 238 224]
  [212 237 223]
  ...
  [240 232 214]
  [250 245 233]
  [255 255 253]]

 [[208 237 223]
  [208 240 223]
  [207 238 221]
  ...
  [249 245 238]
  [252 250 245]
  [254 254 252]]

 ...

 [[221 215 216]
  [219 217 216]
  [216 221 217]
  ...
  [ 74 110 125]
  [ 87 111 126]
  [200 216 224]]

 [[221 216 220]
  [220 219 217]
  [216 221 217]
  ...
  [ 73 108 125]
  [113 133 148]
  [234 244 252]]

 [[219 218 219]
  [221 221 221]
  [220 220 220]
  ...
  [ 77 110 128]
  [186 202 212]
  [243 248 254]]]","TimeTravel,vintage,typography,trip,transportation,travel,tags,luggage
"
30,243346,"[[[ 54  59  73]
  [ 65  76  79]
  [ 40  55  65]
  ...
  [230 231 226]
  [238 241 237]
  [239 240 235]]

 [[ 44  49  69]
  [ 55  67  76]
  [ 47  66  85]
  ...
  [150 148 143]
  [234 239 235]
  [241 242 237]]

 [[ 45  45  61]
  [ 42  47  55]
  [ 60  75  97]
  ...
  [ 51  45  41]
  [190 196 189]
  [242 242 237]]

 ...

 [[203 202 200]
  [164 163 159]
  [ 65  64  59]
  ...
  [206 202 198]
  [ 48  41  37]
  [187 155 152]]

 [[211 210 206]
  [208 207 202]
  [ 98  97  92]
  ...
  [217 212 210]
  [ 45  40  36]
  [ 77  45  42]]

 [[207 206 201]
  [210 210 202]
  [196 195 191]
  ...
  [228 222 224]
  [ 49  46  43]
  [157 127 124]]]","AtomicFish,black,white,vintage,cream,green,blue,red,retro,fish,water,animals,sea,fifties
"
31,254642,"[[[ 48  48  50]
  [ 38  37  37]
  [ 38  36  37]
  ...
  [109 114 138]
  [107 112 137]
  [107 113 135]]

 [[ 40  38  41]
  [ 39  37  38]
  [ 40  38  39]
  ...
  [107 113 152]
  [107 115 153]
  [106 117 147]]

 [[ 41  39  42]
  [ 37  35  36]
  [ 38  36  37]
  ...
  [105 113 156]
  [104 113 154]
  [102 114 143]]

 ...

 [[ 31  29  30]
  [ 31  29  30]
  [ 31  29  30]
  ...
  [ 52  27  41]
  [154  71 111]
  [195  69 129]]

 [[ 31  29  30]
  [ 31  29  30]
  [ 32  29  30]
  ...
  [ 57  29  45]
  [169  76 119]
  [198  65 128]]

 [[ 31  29  30]
  [ 33  28  30]
  [ 34  28  30]
  ...
  [ 50  25  40]
  [164  70 116]
  [201  64 132]]]","StainedGlassRoseWindows,medieval,geometric,abstract,stainedglass,glass,contest,spoonflowercontest,largescalerepeats,chivalry,middleages,timeperiod,1300,knighthood
"
32,346171,"[[[ 25  69 131]
  [ 32  65 141]
  [ 57  87 129]
  ...
  [ 94 115 149]
  [146 165 192]
  [155 172 192]]

 [[ 11  65 153]
  [ 20  64 157]
  [132 155 194]
  ...
  [162 186 214]
  [116 135 154]
  [232 242 251]]

 [[ 11  64 161]
  [ 25  69 147]
  [204 220 238]
  ...
  [187 206 231]
  [216 231 242]
  [240 249 255]]

 ...

 [[176 176  25]
  [174 180  42]
  [198 202  88]
  ...
  [ 13  64 156]
  [ 13  64 156]
  [ 13  64 156]]

 [[178 178  25]
  [194 196  61]
  [186 186  60]
  ...
  [ 13  64 155]
  [ 13  64 155]
  [ 13  64 156]]

 [[179 179  29]
  [204 202  73]
  [178 180  42]
  ...
  [ 11  64 156]
  [ 14  63 156]
  [ 13  64 156]]]","TennisRacquetsBlue,blue,whimsical,tennis,racket,racquet
"
33,260651,"[[[246 246 246]
  [183 183 183]
  [135 135 135]
  ...
  [ 83  83  83]
  [237 237 237]
  [ 82  82  82]]

 [[153 153 153]
  [132 132 132]
  [232 232 232]
  ...
  [152 152 152]
  [158 158 158]
  [106 106 106]]

 [[182 182 182]
  [241 241 241]
  [253 253 253]
  ...
  [227 227 227]
  [ 78  78  78]
  [165 165 165]]

 ...

 [[215 215 215]
  [216 216 216]
  [216 216 216]
  ...
  [245 245 245]
  [246 246 246]
  [245 245 245]]

 [[215 215 215]
  [217 217 217]
  [217 217 217]
  ...
  [245 245 245]
  [244 244 244]
  [248 248 248]]

 [[215 215 215]
  [219 219 219]
  [216 216 216]
  ...
  [244 244 244]
  [245 245 245]
  [246 246 246]]]","WhiteAnemones,blackandwhite,flowers,floral,illustration,anemone,poppy,pattysloniger,bw,bwtiedye,boldneutralssf
"
34,194387,"[[[255 255 255]
  [255 255 255]
  [255 255 255]
  ...
  [255 255 255]
  [255 255 255]
  [255 255 255]]

 [[255 255 255]
  [255 255 255]
  [255 255 255]
  ...
  [255 255 255]
  [255 255 255]
  [255 255 255]]

 [[255 255 255]
  [254 254 254]
  [255 255 255]
  ...
  [255 255 255]
  [255 255 255]
  [255 255 255]]

 ...

 [[216 216 216]
  [218 218 218]
  [219 219 219]
  ...
  [247 248 250]
  [248 249 250]
  [249 249 249]]

 [[218 218 218]
  [219 219 219]
  [220 220 220]
  ...
  [246 247 249]
  [248 249 250]
  [249 249 249]]

 [[219 219 219]
  [221 221 221]
  [220 220 220]
  ...
  [246 246 246]
  [248 248 248]
  [248 248 248]]]","PaintedBirds,bird,blue,nature,animals,pattern,painting,spoonflowercontest,robin,watercolour,blackbird,swallow,watercolor,aquarelle
"
35,298316,"[[[243 238 209]
  [251 250 235]
  [251 255 246]
  ...
  [171 151  91]
  [255 250 225]
  [252 252 251]]

 [[233 226 182]
  [251 248 221]
  [254 255 247]
  ...
  [186 155  87]
  [255 251 235]
  [253 253 251]]

 [[224 216 160]
  [251 248 210]
  [253 255 245]
  ...
  [218 188 141]
  [255 252 252]
  [253 253 251]]

 ...

 [[212 217 212]
  [205 211 204]
  [214 215 212]
  ...
  [155 174 149]
  [121 141 114]
  [173 189 162]]

 [[220 222 221]
  [222 224 221]
  [220 219 220]
  ...
  [161 183 160]
  [109 132 106]
  [162 180 153]]

 [[218 218 218]
  [220 220 219]
  [219 219 219]
  ...
  [149 176 154]
  [111 138 110]
  [158 182 153]]]","Armadilloswanderingthedesertinadisorderlyfashion,grass,animals,whimsical,handdrawn,hot,landscape,watercolor,winner,cactus,penandink,spoonflowercontest,desert,watercolour
"
